Population,Field_Year,Generation,Block,Location,Sequence,Left_Or_Right,Donor,Recipient,Plant_ID,Total_Closed_Fruits,Total_Fruits,Tot_Seed_Num_ClosedFt,Mean_Ind_Seed_Mass_mg,Mean_Seeds_per_Fruit,Lifetime_Fecundity,Stem_Biomass,Corolla_Diameter,Corolla_Area,Leaf_Area_mm2,FFD,LFD,fl_duration
Bodega Bay,2022,G1,1,1,1,NA,BB_173,BB_170,7,0,0,0,NA,0,0,NA,NA,NA,165.928,4/1/22,4/8/22,7
Bodega Bay,2022,G1,1,1,2,NA,BB_023,BB_206,5,1,2,6,4.70625,6,12,NA,18.213,221.109,36.884,3/17/22,4/8/22,22
Bodega Bay,2022,G1,1,2,3,NA,BB_075,BB_085,3,0,0,0,NA,0,0,NA,25.535,437.155,59.081,3/17/22,4/8/22,22
Bodega Bay,2022,G1,1,2,4,NA,BB_107,BB_179,3,0,0,0,NA,0,0,NA,29.387,505.782,25.267,3/17/22,4/8/22,22
Bodega Bay,2022,G1,1,3,6,NA,BB_028,BB_109,2,1,1,2,3.845,2,2,NA,NA,NA,NA,3/11/22,4/1/22,21
Bodega Bay,2022,G1,1,3,7,NA,BB_141,BB_003,1,0,0,0,NA,0,0,NA,19.584,240.305,22.503,3/17/22,4/1/22,15
Bodega Bay,2022,G1,1,3,8,NA,BB_174,BB_010,5,0,0,0,NA,0,0,12.1,NA,NA,NA,3/11/22,3/17/22,6
Bodega Bay,2022,G1,1,4,9,NA,BB_099,BB_161,4,0,0,0,NA,0,0,NA,34.386,738.555,82.185,4/1/22,4/8/22,7
Bodega Bay,2022,G1,1,4,10,NA,BB_194,BB_214,6,0,0,0,NA,0,0,NA,22.317,320.703,81.728,4/1/22,4/1/22,0
Bodega Bay,2022,G1,1,4,11,NA,BB_051,BB_143,7,3,5,28,2.295350877,9.333333333,46.66666667,42.4,16.243,179.925,95.732,3/17/22,4/8/22,22
Bodega Bay,2022,G1,1,5,12,NA,BB_115,BB_020,5,2,3,7,2.718571429,3.5,10.5,NA,28.033,492.617,12.94,3/17/22,4/8/22,22
Bodega Bay,2022,G1,1,5,13,NA,BB_167,BB_114,5,1,1,1,9.98,1,1,9.97,23.49,NA,41.034,3/25/22,4/22/22,28
Bodega Bay,2022,G1,1,5,14,NA,BB_108,BB_069,4,1,4,6,3.61,6,24,32.47,26.117,452.477,NA,3/17/22,4/8/22,22
Bodega Bay,2022,G1,1,5,15,NA,BB_065,BB_013,8,1,1,0,NA,0,0,NA,NA,NA,153.347,3/11/22,4/28/22,48
Bodega Bay,2022,G1,1,6,16,NA,BB_175,BB_104,8,0,0,0,NA,0,0,NA,18.554,228.931,NA,2/25/22,5/19/22,83
Bodega Bay,2022,G1,1,6,17,NA,BB_005,BB_195,4,0,1,0,NA,0,0,15.78,27.518,460.039,75.958,3/3/22,4/1/22,29
Bodega Bay,2022,G1,1,6,18,NA,BB_047,BB_193,8,1,1,6,NA,6,6,NA,32.137,613.342,71.774,3/11/22,4/1/22,21
Bodega Bay,2022,G1,1,7,19,NA,BB_196,BB_186,7,1,4,2,7.845,2,8,82.7,NA,NA,NA,3/11/22,4/28/22,48
Bodega Bay,2022,G1,1,7,20,NA,BB_182,BB_201,1,0,0,0,NA,0,0,NA,NA,NA,NA,3/11/22,5/12/22,62
Bodega Bay,2022,G1,1,7,21,NA,BB_122,BB_027,2,1,1,3,0.986666667,3,3,83.57,26.106,380.918,NA,3/17/22,4/28/22,42
Bodega Bay,2022,G1,1,8,22,NA,BB_125,BB_137,3,0,0,0,NA,0,0,NA,21.936,262.123,87.182,3/25/22,4/8/22,14
Bodega Bay,2022,G1,1,8,23,NA,BB_015,BB_218,7,0,0,0,NA,0,0,NA,20.434,259.292,NA,3/25/22,4/8/22,14
Bodega Bay,2022,G1,1,8,24,NA,BB_144,BB_207,6,0,1,0,NA,0,0,7.22,22.085,NA,NA,3/25/22,4/8/22,14
Bodega Bay,2022,G1,1,9,25,NA,BB_108,BB_189,6,0,0,0,NA,0,0,2.26,NA,NA,76.777,4/1/22,4/1/22,0
Bodega Bay,2022,G1,1,9,26,NA,BB_188,BB_009,2,0,2,0,NA,0,0,13.97,24.492,385.812,NA,4/1/22,4/28/22,27
Bodega Bay,2022,G1,1,9,27,NA,BB_176,BB_017,4,0,1,0,NA,0,0,16.2,NA,NA,31.124,3/11/22,4/1/22,21
Bodega Bay,2022,G1,1,10,28,NA,BB_115,BB_187,3,2,2,0,NA,0,0,NA,19.737,214.472,41.426,4/8/22,4/8/22,0
Bodega Bay,2022,G1,1,10,29,NA,BB_099,BB_032,5,0,0,0,NA,0,0,NA,18.879,207.331,NA,3/25/22,4/1/22,7
Bodega Bay,2022,G1,1,10,30,NA,BB_168,BB_058,2,1,1,11,2.344545455,11,11,33.66,26.133,419.786,136.06,3/25/22,4/1/22,7
Bodega Bay,2022,G1,1,10,31,NA,BB_182,BB_021,3,1,1,0,NA,0,0,NA,21.25,288.628,58.285,3/25/22,4/28/22,34
Bodega Bay,2022,G1,1,11,32,NA,BB_197,BB_060,3,13,17,47,2.976595745,3.615384615,61.46153846,258.43,27.32,475.731,NA,3/25/22,5/25/22,61
Bodega Bay,2022,G1,1,11,33,NA,BB_142,BB_093,7,4,5,41,2.375640097,10.25,51.25,79.64,26.407,442.657,32.423,3/17/22,4/8/22,22
Bodega Bay,2022,G1,1,12,35,NA,BB_174,BB_068,2,0,0,0,NA,0,0,NA,30.868,576.87,NA,4/1/22,4/22/22,21
Bodega Bay,2022,G1,1,12,36,NA,BB_202,BB_018,6,1,3,14,3.155714286,14,42,61.06,27.293,460.709,NA,3/25/22,4/8/22,14
Bodega Bay,2022,G1,1,13,37,NA,BB_047,BB_131,6,1,1,4,7.04,4,4,44.29,NA,NA,31.052,3/11/22,4/22/22,42
Bodega Bay,2022,G1,1,13,38,NA,BB_141,BB_029,5,1,1,3,3.66,3,3,NA,33.478,695.946,60.499,4/1/22,4/22/22,21
Bodega Bay,2022,G1,1,13,39,NA,BB_198,BB_045,6,0,1,0,NA,0,0,NA,26.118,457.726,77.091,3/25/22,4/28/22,34
Bodega Bay,2022,G1,1,14,40,NA,BB_175,BB_172,4,1,2,1,1.08,1,2,11.07,27.091,393.849,67.494,4/1/22,4/22/22,21
Bodega Bay,2022,G1,1,14,41,NA,BB_028,BB_083,7,4,6,25,5.693015873,6.25,37.5,NA,28.672,552.351,115.951,3/17/22,4/28/22,42
Bodega Bay,2022,G1,1,14,42,NA,BB_011,BB_116,6,0,1,0,NA,0,0,12.26,36.069,751.338,43.969,4/1/22,4/28/22,27
Bodega Bay,2022,G1,1,15,43,NA,BB_066,BB_019,1,0,0,0,NA,0,0,3.55,35.97,714.629,46.395,4/22/22,4/22/22,0
Bodega Bay,2022,G1,1,15,44,NA,BB_099,BB_061,8,2,4,0,NA,0,0,NA,NA,NA,NA,4/22/22,5/19/22,27
Bodega Bay,2022,G1,1,16,45,NA,BB_215,BB_210,6,0,0,0,NA,0,0,NA,23.626,366.059,44.052,4/1/22,4/28/22,27
Bodega Bay,2022,G1,1,16,46,NA,BB_005,BB_166,5,2,2,5,4.988,2.5,5,14.87,18.527,221.695,66.592,3/25/22,5/12/22,48
Bodega Bay,2022,G1,1,17,47,NA,BB_005,BB_034,5,1,1,3,6.67,3,3,11.66,21.51,351.852,35.896,3/17/22,4/22/22,36
Bodega Bay,2022,G1,1,17,48,NA,BB_057,BB_146,7,2,2,12,3.395833333,6,12,NA,27.81,539.534,160.221,3/17/22,4/1/22,15
Bodega Bay,2022,G1,1,17,49,NA,BB_091,BB_098,2,1,1,0,NA,0,0,NA,29.11,595.8,NA,3/25/22,4/22/22,28
Bodega Bay,2022,G1,1,18,50,NA,BB_202,BB_101,2,2,2,9,1.46,4.5,9,NA,23.47,389.905,103.307,4/1/22,4/28/22,27
Bodega Bay,2022,G1,1,18,51,NA,BB_066,BB_052,5,1,1,1,10.39,1,1,60.78,26.461,397.98,103.625,3/25/22,4/22/22,28
Bodega Bay,2022,G1,1,19,52,NA,BB_177,BB_134,6,0,1,0,NA,0,0,113.85,28.53,543.616,NA,3/17/22,4/8/22,22
Bodega Bay,2022,G1,1,19,53,NA,BB_177,BB_117,5,6,6,8,4.545333333,1.333333333,8,43.25,27.91,517.391,99.038,4/8/22,5/25/22,47
Bodega Bay,2022,G1,1,19,54,NA,BB_028,BB_209,6,0,1,0,NA,0,0,6.02,19.87,281.964,52.35,3/25/22,4/8/22,14
Bodega Bay,2022,G1,1,20,55,NA,BB_075,BB_164,4,1,1,4,2.125,4,4,7.46,NA,NA,61.111,3/25/22,4/8/22,14
Bodega Bay,2022,G1,1,20,56,NA,BB_142,BB_150,3,7,8,53,2.955472222,7.571428571,60.57142857,43.67,NA,NA,NA,3/11/22,4/22/22,42
Bodega Bay,2022,G1,1,20,57,NA,BB_130,BB_048,8,1,1,2,6.685,2,2,11.93,24.11,351.649,90.224,3/25/22,4/1/22,7
Bodega Bay,2022,G1,1,21,58,NA,BB_167,BB_110,6,0,0,0,NA,0,0,4.36,29.26,571.653,39.878,4/1/22,4/1/22,0
Bodega Bay,2022,G1,1,21,59,NA,BB_169,BB_160,3,1,2,2,NA,2,4,49.37,21.58,336.135,246.176,3/17/22,5/12/22,56
Bodega Bay,2022,G1,1,21,60,NA,BB_215,BB_004,4,1,3,6,4.88,6,18,48.9,22.47,353.796,57.004,3/17/22,4/22/22,36
Bodega Bay,2022,G1,1,22,61,NA,BB_073,BB_084,4,1,1,1,5.56,1,1,NA,28.33,599.111,82.618,4/1/22,4/1/22,0
Bodega Bay,2022,G1,1,22,62,NA,BB_011,BB_215,5,0,0,0,NA,0,0,NA,23.74,414.096,97.593,4/1/22,4/28/22,27
Bodega Bay,2022,G1,1,22,63,NA,BB_038,BB_149,6,2,2,29,2.893103448,14.5,29,NA,30.34,623.27,80.937,4/8/22,5/19/22,41
Bodega Bay,2022,G1,1,23,64,NA,BB_182,BB_103,5,16,34,139,2.928911111,8.6875,295.375,155.98,NA,NA,68.49,3/11/22,4/28/22,48
Bodega Bay,2022,G1,1,23,65,NA,BB_130,BB_007,7,0,0,0,NA,0,0,3.58,NA,NA,60.541,4/8/22,4/8/22,0
Bodega Bay,2022,G1,1,23,66,NA,BB_173,BB_044,4,0,0,0,NA,0,0,NA,NA,NA,NA,NA,NA,NA
Bodega Bay,2022,G1,1,24,67,NA,BB_057,BB_200,5,2,3,10,1.946,5,15,14.23,NA,NA,42.375,3/11/22,4/1/22,21
Bodega Bay,2022,G1,1,24,68,NA,BB_197,BB_199,1,0,0,0,NA,0,0,7.59,20.61,266.145,NA,4/22/22,4/22/22,0
Bodega Bay,2022,G1,1,24,69,NA,BB_197,BB_211,3,0,0,0,NA,0,0,21.83,20.45,320.087,NA,4/1/22,4/28/22,27
Bodega Bay,2022,G1,1,25,70,NA,BB_100,BB_113,2,1,1,0,NA,0,0,18.55,18.73,265.405,NA,3/17/22,4/8/22,22
Bodega Bay,2022,G1,1,25,71,NA,BB_188,BB_171,2,0,0,0,NA,0,0,15.39,23.29,406.134,40.793,3/25/22,4/8/22,14
Bodega Bay,2022,G1,1,25,72,NA,BB_091,BB_094,2,0,0,0,NA,0,0,NA,28.592,NA,51.868,4/8/22,4/8/22,0
Bodega Bay,2022,G1,1,26,73,NA,BB_202,BB_025,4,0,0,0,NA,0,0,8.43,NA,NA,83.895,4/8/22,4/8/22,0
Bodega Bay,2022,G1,1,26,74,NA,BB_176,BB_059,3,1,1,0,NA,0,0,9.68,NA,NA,30.093,4/8/22,4/28/22,20
Bodega Bay,2022,G1,1,26,75,NA,BB_014,BB_185,4,1,2,2,12.2,2,4,22.95,15.924,168.676,36.444,3/25/22,4/28/22,34
Bodega Bay,2022,G1,1,27,76,NA,BB_026,BB_070,6,1,1,0,NA,0,0,13.6,28.691,NA,NA,3/25/22,4/1/22,7
Bodega Bay,2022,G1,1,27,77,NA,BB_073,BB_092,8,0,0,0,NA,0,0,NA,NA,NA,NA,3/17/22,4/1/22,15
Bodega Bay,2022,G1,1,27,78,NA,BB_108,BB_097,1,0,0,0,NA,0,0,NA,14.408,122.175,NA,4/8/22,4/8/22,0
Bodega Bay,2022,G1,1,28,79,NA,BB_169,BB_076,1,2,2,6,2.911666667,3,6,33.49,17.895,204.006,114.232,5/12/22,5/25/22,13
Bodega Bay,2022,G1,1,28,80,NA,BB_107,BB_123,4,0,0,0,NA,0,0,13.53,NA,NA,70.35,3/26/22,4/1/22,6
Bodega Bay,2022,G1,1,28,81,NA,BB_194,BB_163,6,0,0,0,NA,0,0,NA,29.032,465.107,40.068,4/8/22,5/19/22,41
Bodega Bay,2022,G1,1,29,82,NA,BB_168,BB_081,5,0,0,0,NA,0,0,NA,NA,NA,62.144,NA,NA,NA
Bodega Bay,2022,G1,1,29,83,NA,BB_100,BB_135,8,1,1,0,NA,0,0,22,28.272,513.397,NA,3/17/22,4/1/22,15
Bodega Bay,2022,G1,1,31,84,NA,BB_173,BB_095,8,0,0,0,NA,0,0,NA,NA,NA,134.565,4/8/22,4/22/22,14
Bodega Bay,2022,G1,1,31,85,NA,BB_162,BB_154,4,0,0,0,NA,0,0,8.05,18.355,230.872,NA,3/17/22,5/19/22,63
Bodega Bay,2022,G1,1,31,86,NA,BB_065,BB_133,3,0,0,0,NA,0,0,NA,24.77,345.906,94.244,4/2/22,4/8/22,6
Bodega Bay,2022,G1,1,32,87,NA,BB_073,BB_064,3,0,0,0,NA,0,0,NA,29.155,514.196,NA,3/17/22,4/2/22,16
Bodega Bay,2022,G1,1,32,88,NA,BB_167,BB_008,8,0,2,0,NA,0,0,18.27,NA,NA,74.51,4/2/22,4/8/22,6
Bodega Bay,2022,G1,1,33,89,NA,BB_194,BB_159,5,5,8,5,16.406,1,8,197.61,NA,NA,124.919,3/3/22,5/12/22,70
Bodega Bay,2022,G1,1,33,90,NA,BB_217,BB_205_A,1,5,7,24,3.601111111,4.8,33.6,40.6,29.449,443.6,NA,4/2/22,4/22/22,20
Bodega Bay,2022,G1,1,33,91,NA,BB_213,BB_147,1,1,1,4,4,4,4,13.95,15.84,164.237,140,4/8/22,4/28/22,20
Bodega Bay,2022,G1,1,34,92,NA,BB_014,BB_102,7,0,0,0,NA,0,0,NA,24.461,348.746,118.491,4/2/22,4/22/22,20
Bodega Bay,2022,G1,1,34,93,NA,BB_026,BB_053,2,2,2,0,NA,0,0,NA,18.237,237.598,71.634,3/17/22,4/2/22,16
Bodega Bay,2022,G1,1,34,94,NA,BB_168,BB_046,1,0,0,0,NA,0,0,NA,29.635,534.413,NA,3/17/22,4/2/22,16
Bodega Bay,2022,G1,1,35,95,NA,BB_174,BB_002,6,2,2,0,NA,0,0,10.11,23.534,340.236,61.985,4/22/22,4/28/22,6
Bodega Bay,2022,G1,1,36,97,NA,BB_107,BB_151,2,0,0,0,NA,0,0,NA,NA,NA,NA,4/8/22,4/8/22,0
Bodega Bay,2022,G1,1,36,98,NA,BB_213,BB_204,8,1,1,0,NA,0,0,NA,19.865,224.568,43.104,3/17/22,3/17/22,0
Bodega Bay,2022,G1,1,36,99,NA,BB_001,BB_072,4,0,0,0,NA,0,0,19.78,18.504,196.929,NA,3/26/22,4/2/22,7
Bodega Bay,2022,G1,1,37,100,NA,BB_057,BB_121,7,1,3,0,NA,0,0,14.12,28.674,474.521,53.314,4/8/22,4/28/22,20
Bodega Bay,2022,G1,1,37,101,NA,BB_213,BB_132,6,7,8,21,4.22375,3,24,349.51,24.74,NA,67.323,3/17/22,4/2/22,16
Bodega Bay,2022,G1,1,37,102,NA,BB_175,BB_050,2,1,1,4,7.1375,4,4,10.44,NA,NA,NA,4/22/22,4/22/22,0
Bodega Bay,2022,G1,1,38,103,NA,BB_196,BB_089,4,1,3,3,4.556666667,3,9,67.57,NA,NA,NA,3/11/22,4/28/22,48
Bodega Bay,2022,G1,1,38,104,NA,BB_122,BB_126,3,0,0,0,NA,0,0,NA,23.192,363.301,NA,3/26/22,4/8/22,13
Bodega Bay,2022,G1,1,38,106,NA,BB_091,BB_139,7,1,1,1,3.83,1,1,6.22,NA,NA,NA,4/28/22,4/28/22,0
Bodega Bay,2022,G1,1,39,107,NA,BB_055,BB_145,4,3,3,8,4.1675,2.666666667,8,NA,25.203,426.601,46.697,3/17/22,4/8/22,22
Bodega Bay,2022,G1,1,39,108,NA,BB_051,BB_105,3,0,1,0,NA,0,0,40.93,NA,NA,91.515,4/2/22,4/8/22,6
Bodega Bay,2022,G1,1,39,109,NA,BB_171,BB_039,5,0,0,0,NA,0,0,NA,NA,NA,38.851,4/28/22,4/28/22,0
Bodega Bay,2022,G1,1,41,111,NA,BB_141,BB_037,2,0,2,0,NA,0,0,10.82,27.878,366.473,63.909,3/26/22,4/2/22,7
Bodega Bay,2022,G1,1,41,112,NA,BB_023,BB_190,2,0,3,0,NA,0,0,36.81,25.52,NA,72.79,3/26/22,4/22/22,27
Bodega Bay,2022,G1,1,42,113,NA,BB_015,BB_111,6,0,1,0,NA,0,0,35.03,23.494,348.042,78.554,3/26/22,4/22/22,27
Bodega Bay,2022,G1,1,42,114,NA,BB_198,BB_138,1,2,2,5,2.246,2.5,5,23,NA,NA,NA,3/26/22,4/8/22,13
Bodega Bay,2022,G1,1,43,115,NA,BB_198,BB_035,2,0,0,0,NA,0,0,NA,NA,NA,50.366,3/11/22,4/8/22,28
Bodega Bay,2022,G1,1,43,116,NA,BB_217,BB_054,6,2,2,0,NA,0,0,NA,28.308,510.216,19.636,4/8/22,5/19/22,41
Bodega Bay,2022,G1,1,43,117,NA,BB_066,BB_087,7,1,1,2,3.705,2,2,NA,22.677,NA,NA,4/2/22,4/28/22,26
Bodega Bay,2022,G1,1,44,118,NA,BB_014,BB_152,2,2,2,6,4.953,3,6,16.35,22.435,317.295,NA,4/2/22,4/8/22,6
Bodega Bay,2022,G1,1,44,119,NA,BB_122,BB_208,3,0,0,0,NA,0,0,NA,17.604,199.16,NA,3/26/22,4/2/22,7
Bodega Bay,2022,G1,1,44,120,NA,BB_162,BB_040,4,0,0,0,NA,0,0,16.37,NA,NA,NA,3/11/22,4/2/22,22
Bodega Bay,2022,G1,1,45,122,NA,BB_001,BB_074,4,0,0,0,NA,0,0,11.16,NA,NA,84.521,4/22/22,4/22/22,0
Bodega Bay,2022,G1,1,45,123,NA,BB_065,BB_192,8,0,0,0,NA,0,0,NA,24.669,322.93,NA,4/22/22,5/12/22,20
Bodega Bay,2022,G1,1,46,124,NA,BB_026,BB_153,1,3,4,20,3.56,6.666666667,26.66666667,75.22,22.352,277.005,22.08,4/2/22,5/12/22,40
Bodega Bay,2022,G1,1,46,125,NA,BB_125,BB_024,4,1,1,4,2.4525,4,4,9.34,NA,NA,57.027,3/11/22,3/11/22,0
Bodega Bay,2022,G1,1,47,127,NA,BB_144,BB_030,2,0,0,0,NA,0,0,NA,22.795,273.969,NA,3/26/22,4/8/22,13
Bodega Bay,2022,G1,1,47,128,NA,BB_176,BB_049,3,0,0,0,NA,0,0,NA,19.197,245.567,NA,3/11/22,3/26/22,15
Bodega Bay,2022,G1,1,47,129,NA,BB_100,BB_031,1,0,0,0,NA,0,0,NA,25.784,441.075,41.233,3/17/22,4/8/22,22
Bodega Bay,2022,G1,1,48,131,NA,BB_171,BB_157,7,0,0,0,NA,0,0,5.71,NA,NA,33.015,3/17/22,4/8/22,22
Bodega Bay,2022,G1,1,49,134,NA,BB_196,BB_088,7,4,4,16,2.72375,4,16,79.04,NA,NA,NA,3/11/22,5/12/22,62
Bodega Bay,2022,G1,1,49,135,NA,BB_055,BB_119,8,0,0,0,NA,0,0,NA,NA,NA,104.336,4/8/22,4/23/22,15
Bodega Bay,2022,G1,1,51,136,NA,BB_162,BB_080,3,0,0,0,NA,0,0,NA,26.859,404.208,NA,4/8/22,4/23/22,15
Bodega Bay,2022,G1,1,51,137,NA,BB_177,BB_140,5,0,0,0,NA,0,0,NA,18.619,208.772,NA,3/26/22,3/26/22,0
Bodega Bay,2022,G1,1,51,138,NA,BB_144,BB_158,8,0,0,0,NA,0,0,NA,NA,NA,NA,4/8/22,4/23/22,15
Bodega Bay,2022,G1,1,52,139,NA,BB_217,BB_016,1,0,0,0,NA,0,0,NA,NA,NA,NA,4/2/22,5/12/22,40
Bodega Bay,2022,G1,1,52,140,NA,BB_038,BB_216,6,0,0,0,NA,0,0,NA,26.223,412.258,NA,3/26/22,4/23/22,28
Bodega Bay,2022,G1,1,52,141,NA,BB_125,BB_051,1,0,0,0,NA,0,0,NA,22.725,307.174,NA,4/23/22,4/23/22,0
Bodega Bay,2022,G1,1,53,142,NA,BB_023,BB_078,7,3,3,0,NA,0,0,20.3,24.533,364.757,62.923,3/26/22,4/28/22,33
Bodega Bay,2022,G1,1,53,143,NA,BB_011,BB_056,4,0,0,0,NA,0,0,NA,21.905,242.059,NA,3/26/22,4/2/22,7
Bodega Bay,2022,G1,1,53,144,NA,BB_051,BB_118,3,0,0,0,NA,0,0,NA,29.489,495.418,52.425,3/26/22,4/2/22,7
Bodega Bay,2022,G1,1,54,145,NA,BB_130,BB_120,8,3,3,2,1.775,0.666666667,2,70.37,27.754,477.516,NA,3/17/22,4/28/22,42
Bodega Bay,2022,G1,1,54,146,NA,BB_038,BB_042,7,0,0,0,NA,0,0,NA,21.238,290.384,29.547,3/17/22,4/2/22,16
Bodega Bay,2022,G1,1,55,147,NA,BB_142,BB_086,1,0,0,0,NA,0,0,6.66,26.884,475.392,26.687,3/26/22,3/26/22,0
Bodega Bay,2022,G1,2,56,148,NA,BB_217,BB_016,4,0,0,0,NA,0,0,4.51,20.453,223.249,52.126,4/2/22,4/8/22,6
Bodega Bay,2022,G1,2,57,151,NA,BB_015,BB_111,1,0,0,0,NA,0,0,10.37,NA,NA,84.276,3/26/22,3/26/22,0
Bodega Bay,2022,G1,2,57,152,NA,BB_130,BB_120,3,1,1,0,NA,0,0,NA,22.493,323.665,60.561,3/26/22,5/12/22,47
Bodega Bay,2022,G1,2,57,153,NA,BB_073,BB_092,7,0,2,0,NA,0,0,21.27,NA,NA,NA,3/3/22,4/8/22,36
Bodega Bay,2022,G1,2,58,154,NA,BB_171,BB_127,5,0,0,0,NA,0,0,NA,21.755,282.815,NA,3/26/22,4/2/22,7
Bodega Bay,2022,G1,2,58,155,NA,BB_026,BB_153,3,1,1,0,NA,0,0,15.68,NA,NA,NA,3/11/22,4/29/22,49
Bodega Bay,2022,G1,2,58,156,NA,BB_175,BB_050,6,0,0,0,NA,0,0,NA,NA,NA,108.616,NA,NA,NA
Bodega Bay,2022,G1,2,59,157,NA,BB_065,BB_133,8,2,2,4,NA,2,4,NA,NA,NA,15.684,4/2/22,4/8/22,6
Bodega Bay,2022,G1,2,59,158,NA,BB_051,BB_143,2,0,0,0,NA,0,0,NA,19.28,235.445,NA,3/17/22,3/26/22,9
Bodega Bay,2022,G1,2,59,159,NA,BB_011,BB_056,1,0,0,0,NA,0,0,NA,22.07,309.925,NA,3/26/22,4/2/22,7
Bodega Bay,2022,G1,2,61,161,NA,BB_023,BB_078,8,0,0,0,NA,0,0,4.05,NA,NA,NA,NA,NA,NA
Bodega Bay,2022,G1,2,61,162,NA,BB_213,BB_147,6,0,0,0,NA,0,0,NA,NA,NA,NA,NA,NA,NA
Bodega Bay,2022,G1,2,62,163,NA,BB_194,BB_214,8,1,1,3,7.47,3,3,19.31,22.43,294.338,NA,3/17/22,4/8/22,22
Bodega Bay,2022,G1,2,62,164,NA,BB_099,BB_061,1,1,1,2,4.67,2,2,23.2,12.42,100.686,NA,3/11/22,3/26/22,15
Bodega Bay,2022,G1,2,63,166,NA,BB_167,BB_114,6,0,0,0,NA,0,0,NA,NA,NA,NA,4/23/22,4/23/22,0
Bodega Bay,2022,G1,2,63,167,NA,BB_028,BB_083,6,0,0,0,NA,0,0,NA,NA,NA,NA,4/2/22,4/23/22,21
Bodega Bay,2022,G1,2,63,168,NA,BB_188,BB_171,1,0,0,0,NA,0,0,8.59,NA,NA,NA,3/26/22,3/26/22,0
Bodega Bay,2022,G1,2,64,170,NA,BB_125,BB_051,3,2,2,1,NA,0.5,1,38.83,NA,NA,NA,3/11/22,4/2/22,22
Bodega Bay,2022,G1,2,65,173,NA,BB_066,BB_052,4,0,0,0,NA,0,0,9.13,18.335,179.375,NA,3/26/22,4/8/22,13
Bodega Bay,2022,G1,2,65,174,NA,BB_142,BB_150,8,1,1,2,2.64,2,2,NA,NA,NA,NA,4/2/22,4/2/22,0
Bodega Bay,2022,G1,2,67,178,NA,BB_075,BB_164,2,1,1,0,NA,0,0,29.15,19.749,234.155,NA,4/8/22,4/29/22,21
Bodega Bay,2022,G1,2,68,181,NA,BB_015,BB_218,7,0,0,0,NA,0,0,NA,NA,NA,NA,NA,NA,NA
Bodega Bay,2022,G1,2,69,183,NA,BB_168,BB_081,1,0,0,0,NA,0,0,NA,NA,NA,NA,3/3/22,4/9/22,37
Bodega Bay,2022,G1,2,69,185,NA,BB_197,BB_199,8,2,2,0,NA,0,0,37.01,21.426,278.078,19.817,4/23/22,5/12/22,19
Bodega Bay,2022,G1,2,71,186,NA,BB_057,BB_146,2,1,1,1,6.84,1,1,NA,NA,NA,NA,4/29/22,4/29/22,0
Bodega Bay,2022,G1,2,71,187,NA,BB_215,BB_210,1,1,1,3,1.093333333,3,3,NA,19.784,NA,NA,3/26/22,4/9/22,14
Bodega Bay,2022,G1,2,71,188,NA,BB_167,BB_008,8,0,0,0,NA,0,0,NA,25.906,404.377,NA,4/23/22,4/29/22,6
Bodega Bay,2022,G1,2,72,189,NA,BB_055,BB_119,6,1,1,0,NA,0,0,NA,23.766,386.77,NA,3/26/22,4/2/22,7
Bodega Bay,2022,G1,2,72,190,NA,BB_174,BB_068,1,0,0,0,NA,0,0,NA,13.32,NA,12.474,3/26/22,3/26/22,0
Bodega Bay,2022,G1,2,72,191,NA,BB_005,BB_195,7,0,0,0,NA,0,0,NA,NA,NA,NA,3/11/22,4/9/22,29
Bodega Bay,2022,G1,2,73,192,NA,BB_198,BB_045,2,0,0,0,NA,0,0,9.94,NA,NA,NA,3/11/22,3/11/22,0
Bodega Bay,2022,G1,2,73,193,NA,BB_125,BB_024,2,0,0,0,NA,0,0,NA,15.755,144.069,NA,4/2/22,4/2/22,0
Bodega Bay,2022,G1,2,73,194,NA,BB_038,BB_216,4,0,0,0,NA,0,0,NA,NA,NA,NA,NA,NA,NA
Bodega Bay,2022,G1,2,74,195,NA,BB_073,BB_064,1,0,0,0,NA,0,0,NA,26.214,389.4,NA,3/17/22,4/2/22,16
Bodega Bay,2022,G1,2,74,197,NA,BB_171,BB_157,5,0,1,0,NA,0,0,NA,16.563,137.535,NA,4/2/22,4/2/22,0
Bodega Bay,2022,G1,2,75,199,NA,BB_100,BB_031,3,0,1,0,NA,0,0,12.54,24.196,354.128,NA,3/17/22,3/26/22,9
Bodega Bay,2022,G1,2,75,200,NA,BB_173,BB_095,6,0,0,0,NA,0,0,3.18,22.848,341.328,NA,4/23/22,4/29/22,6
Bodega Bay,2022,G1,2,76,202,NA,BB_099,BB_161,3,0,0,0,NA,0,0,NA,25.858,410.07,NA,3/26/22,4/2/22,7
Bodega Bay,2022,G1,2,76,203,NA,BB_026,BB_053,7,1,1,4,1.405,4,4,7.14,NA,NA,NA,3/26/22,3/26/22,0
Bodega Bay,2022,G1,2,77,204,NA,BB_175,BB_104,8,0,1,0,NA,0,0,NA,25.739,464.273,NA,3/17/22,4/29/22,43
Bodega Bay,2022,G1,2,77,205,NA,BB_099,BB_032,1,0,0,0,NA,0,0,2.95,30.54,595.752,NA,4/2/22,4/2/22,0
Bodega Bay,2022,G1,2,77,206,NA,BB_107,BB_151,6,1,1,6,0.845,6,6,NA,NA,NA,NA,3/17/22,4/2/22,16
Bodega Bay,2022,G1,2,78,207,NA,BB_028,BB_209,6,0,0,0,NA,0,0,21.23,NA,NA,NA,3/25/22,4/2/22,8
Bodega Bay,2022,G1,2,78,208,NA,BB_188,BB_009,3,0,0,0,NA,0,0,NA,NA,NA,NA,4/9/22,4/9/22,0
Bodega Bay,2022,G1,2,79,210,NA,BB_169,BB_076,8,3,3,5,3.44,1.666666667,5,NA,NA,NA,NA,3/11/22,4/2/22,22
Bodega Bay,2022,G1,2,79,211,NA,BB_001,BB_072,6,0,0,0,NA,0,0,NA,NA,NA,NA,5/19/22,5/19/22,0
Bodega Bay,2022,G1,2,79,212,NA,BB_051,BB_105,1,0,0,0,NA,0,0,NA,15.5,139.877,NA,3/25/22,4/2/22,8
Bodega Bay,2022,G1,2,80,213,NA,BB_144,BB_207,3,1,1,5,5.666,5,5,NA,24.064,331.776,41.089,3/25/22,4/23/22,29
Bodega Bay,2022,G1,2,80,214,NA,BB_066,BB_019,8,4,4,29,3.090018939,7.25,29,40.19,29.373,528.946,NA,3/17/22,4/23/22,37
Bodega Bay,2022,G1,2,80,215,NA,BB_055,BB_145,3,0,0,0,NA,0,0,NA,15.21,152.624,NA,3/25/22,4/2/22,8
Bodega Bay,2022,G1,2,81,216,NA,BB_100,BB_113,4,0,0,0,NA,0,0,NA,22.129,NA,NA,4/23/22,4/23/22,0
Bodega Bay,2022,G1,2,81,218,NA,BB_194,BB_159,5,0,0,0,NA,0,0,NA,15.979,160.065,NA,4/2/22,4/2/22,0
Bodega Bay,2022,G1,2,82,219,NA,BB_047,BB_131,8,0,0,0,NA,0,0,4.46,NA,NA,NA,3/17/22,3/25/22,8
Bodega Bay,2022,G1,2,82,220,NA,BB_202,BB_025,4,0,0,0,NA,0,0,NA,NA,NA,NA,3/11/22,4/2/22,22
Bodega Bay,2022,G1,2,83,223,NA,BB_014,BB_102,6,0,0,0,NA,0,0,5.94,17.94,NA,NA,4/2/22,4/2/22,0
Bodega Bay,2022,G1,2,83,224,NA,BB_142,BB_093,6,0,0,0,NA,0,0,5.84,17.859,189.24,NA,3/11/22,4/2/22,22
Bodega Bay,2022,G1,2,83,225,NA,BB_171,BB_039,5,0,0,0,NA,0,0,29.38,26.001,387.055,NA,3/11/22,3/25/22,14
Bodega Bay,2022,G1,2,83,226,NA,BB_028,BB_109,3,0,0,0,NA,0,0,6.6,16.244,169.792,NA,3/25/22,4/2/22,8
Bodega Bay,2022,G1,2,84,227,NA,BB_196,BB_186,8,0,0,0,NA,0,0,NA,NA,NA,NA,3/11/22,4/29/22,49
Bodega Bay,2022,G1,2,84,228,NA,BB_115,BB_187,1,0,0,0,NA,0,0,NA,18.167,175.338,NA,4/2/22,4/2/22,0
Bodega Bay,2022,G1,2,85,230,NA,BB_141,BB_029,4,1,1,1,2.69,1,1,NA,NA,NA,NA,4/2/22,4/23/22,21
Bodega Bay,2022,G1,2,85,231,NA,BB_047,BB_193,6,1,1,0,NA,0,0,9.76,18.39,200.179,NA,3/17/22,4/8/22,22
Bodega Bay,2022,G1,2,85,232,NA,BB_174,BB_002,3,0,0,0,NA,0,0,12.44,16.92,169.599,52.985,3/25/22,4/8/22,14
Bodega Bay,2022,G1,2,85,233,NA,BB_075,BB_079,3,2,2,2,1.265,1,2,32.06,NA,NA,NA,3/25/22,4/8/22,14
Bodega Bay,2022,G1,2,86,234,NA,BB_108,BB_189,7,5,6,9,2.513571429,1.8,10.8,NA,NA,NA,NA,3/4/22,4/2/22,29
Bodega Bay,2022,G1,2,86,235,NA,BB_107,BB_179,2,1,2,3,1.556666667,3,6,NA,NA,NA,NA,3/11/22,3/25/22,14
Bodega Bay,2022,G1,2,86,236,NA,BB_182,BB_103,1,2,2,8,1.93125,4,8,10.58,24.46,443.872,NA,3/11/22,4/8/22,28
Bodega Bay,2022,G1,2,86,237,NA,BB_115,BB_077,7,0,0,0,NA,0,0,11.04,NA,NA,NA,2/25/22,4/2/22,36
Bodega Bay,2022,G1,2,87,238,NA,BB_125,BB_137,2,0,0,0,NA,0,0,7.48,21.47,344.651,NA,4/2/22,4/8/22,6
Bodega Bay,2022,G1,2,87,239,NA,BB_023,BB_206,2,1,2,2,4.6,2,4,NA,NA,NA,NA,3/11/22,4/8/22,28
Bodega Bay,2022,G1,2,87,240,NA,BB_066,BB_087,5,0,0,0,NA,0,0,25.15,22.38,397.093,NA,3/18/22,4/29/22,42
Bodega Bay,2022,G1,2,87,241,NA,BB_122,BB_126,8,3,3,4,2.655,1.333333333,4,5.05,20.36,279.397,NA,3/25/22,4/8/22,14
Bodega Bay,2022,G1,2,88,242,NA,BB_176,BB_017,2,1,1,2,2.97,2,2,NA,NA,NA,NA,3/18/22,3/18/22,0
Bodega Bay,2022,G1,2,88,243,NA,BB_038,BB_149,8,1,1,0,NA,0,0,6.54,NA,NA,NA,4/23/22,4/23/22,0
Bodega Bay,2022,G1,2,88,244,NA,BB_011,BB_116,1,0,0,0,NA,0,0,NA,12.69,111.964,NA,3/18/22,3/18/22,0
Bodega Bay,2022,G1,2,91,253,NA,BB_130,BB_007,2,0,0,0,NA,0,0,NA,NA,NA,NA,4/2/22,4/2/22,0
Bodega Bay,2022,G1,2,92,254,NA,BB_169,BB_160,8,2,2,8,5.05,4,8,24.02,NA,NA,NA,3/11/22,3/11/22,0
Bodega Bay,2022,G1,2,92,255,NA,BB_174,BB_010,8,0,0,0,NA,0,0,NA,NA,NA,NA,3/25/22,3/25/22,0
Bodega Bay,2022,G1,2,92,257,NA,BB_162,BB_080,8,0,0,0,NA,0,0,NA,NA,NA,NA,3/11/22,4/2/22,22
Bodega Bay,2022,G1,2,93,260,NA,BB_198,BB_138,2,0,0,0,NA,0,0,13.52,NA,NA,NA,4/2/22,4/2/22,0
Bodega Bay,2022,G1,2,94,262,NA,BB_091,BB_094,3,0,0,0,NA,0,0,NA,NA,NA,NA,3/25/22,3/25/22,0
Bodega Bay,2022,G1,2,94,263,NA,BB_065,BB_013,4,0,0,0,NA,0,0,NA,NA,NA,NA,3/18/22,3/25/22,7
Bodega Bay,2022,G1,2,95,267,NA,BB_015,BB_063,7,0,0,0,NA,0,0,NA,NA,NA,NA,NA,NA,NA
Bodega Bay,2022,G1,2,96,269,NA,BB_057,BB_200,1,0,0,0,NA,0,0,NA,NA,NA,NA,NA,NA,NA
Bodega Bay,2022,G1,2,96,271,NA,BB_173,BB_044,3,0,0,0,NA,0,0,3.78,24.42,388.665,NA,4/2/22,4/29/22,27
Bodega Bay,2022,G1,2,97,272,NA,BB_197,BB_060,5,0,0,0,NA,0,0,4.47,NA,NA,NA,3/11/22,3/11/22,0
Bodega Bay,2022,G1,2,97,274,NA,BB_047,BB_071,1,0,0,0,NA,0,0,5.79,NA,NA,NA,4/2/22,4/2/22,0
Bodega Bay,2022,G1,2,98,275,NA,BB_167,BB_110,5,0,0,0,NA,0,0,NA,20.97,288.573,NA,3/11/22,3/18/22,7
Bodega Bay,2022,G1,2,98,276,NA,BB_142,BB_086,3,0,0,0,NA,0,0,2.68,13.88,140.685,NA,4/2/22,4/8/22,6
Bodega Bay,2022,G1,2,99,277,NA,BB_217,BB_205_A,6,0,0,0,NA,0,0,NA,22.25,286.699,NA,3/18/22,4/2/22,15
Bodega Bay,2022,G1,2,99,278,NA,BB_176,BB_059,2,1,3,1,2.28,1,3,16.42,NA,NA,NA,3/11/22,4/2/22,22
Bodega Bay,2022,G1,2,99,279,NA,BB_198,BB_035,5,0,0,0,NA,0,0,15.01,NA,NA,NA,NA,NA,NA
Bodega Bay,2022,G1,2,99,280,NA,BB_065,BB_192,4,0,1,0,NA,0,0,12.78,NA,NA,NA,3/11/22,3/18/22,7
Bodega Bay,2022,G1,2,101,283,NA,BB_182,BB_021,3,1,1,7,2.142857143,7,7,5.22,NA,NA,NA,3/11/22,3/11/22,0
Bodega Bay,2022,G1,2,102,285,NA,BB_055,BB_183,4,0,0,0,NA,0,0,8.51,NA,NA,NA,3/26/22,3/26/22,0
Bodega Bay,2022,G1,2,103,287,NA,BB_217,BB_054,7,0,0,0,NA,0,0,13.75,20.98,286.35,NA,4/8/22,4/29/22,21
Bodega Bay,2022,G1,2,103,288,NA,BB_011,BB_215,2,1,1,0,NA,0,0,4.48,NA,NA,NA,4/29/22,4/29/22,0
Bodega Bay,2022,G1,2,103,289,NA,BB_144,BB_030,6,1,1,0,NA,0,0,8.05,NA,NA,NA,4/23/22,4/23/22,0
Bodega Bay,2022,G1,2,103,290,NA,BB_169,BB_181,2,0,0,0,NA,0,0,NA,NA,NA,NA,4/23/22,4/23/22,0
Bodega Bay,2022,G1,2,104,291,NA,BB_130,BB_048,4,1,1,3,1.393333333,3,3,8.26,17.82,136.049,NA,4/23/22,4/23/22,0
Bodega Bay,2022,G1,2,104,292,NA,BB_168,BB_046,4,0,0,0,NA,0,0,NA,22.752,339.55,11.494,4/2/22,4/2/22,0
Bodega Bay,2022,G1,2,104,293,NA,BB_173,BB_170,1,0,0,0,NA,0,0,5.67,NA,NA,10.229,4/2/22,4/2/22,0
Bodega Bay,2022,G1,2,105,294,NA,BB_107,BB_123,7,1,1,4,3.28,4,4,NA,NA,NA,NA,4/2/22,4/2/22,0
Bodega Bay,2022,G1,3,106,295,NA,BB_047,BB_071,2,0,0,0,NA,0,0,6.72,NA,NA,9.523,3/26/22,4/2/22,7
Bodega Bay,2022,G1,3,106,296,NA,BB_182,BB_103,5,1,1,2,2.015,2,2,4.08,34.51,NA,21.155,4/2/22,4/8/22,6
Bodega Bay,2022,G1,3,107,300,NA,BB_115,BB_020,3,0,0,0,NA,0,0,NA,NA,NA,39.989,3/26/22,4/2/22,7
Bodega Bay,2022,G1,3,108,302,NA,BB_213,BB_204,7,0,1,0,NA,0,0,NA,NA,NA,NA,3/26/22,4/2/22,7
Bodega Bay,2022,G1,3,108,303,NA,BB_196,BB_186,8,0,0,0,NA,0,0,NA,23.555,294.506,NA,3/18/22,4/2/22,15
Bodega Bay,2022,G1,3,109,304,NA,BB_125,BB_024,8,0,0,0,NA,0,0,6.64,NA,NA,NA,4/2/22,4/2/22,0
Bodega Bay,2022,G1,3,109,305,NA,BB_066,BB_087,3,0,0,0,NA,0,0,NA,NA,NA,NA,4/2/22,4/2/22,0
Bodega Bay,2022,G1,3,109,306,NA,BB_108,BB_097,2,0,0,0,NA,0,0,2.71,NA,NA,NA,NA,NA,NA
Bodega Bay,2022,G1,3,111,307,NA,BB_171,BB_127,7,1,2,1,2.92,1,2,28.41,NA,NA,NA,4/2/22,4/8/22,6
Bodega Bay,2022,G1,3,111,308,NA,BB_122,BB_027,2,0,0,0,NA,0,0,10.15,NA,NA,NA,3/26/22,4/2/22,7
Bodega Bay,2022,G1,3,111,309,NA,BB_108,BB_069,1,0,0,0,NA,0,0,NA,NA,NA,NA,4/8/22,4/8/22,0
Bodega Bay,2022,G1,3,112,310,NA,BB_107,BB_151,1,0,0,0,NA,0,0,8.94,NA,NA,NA,4/2/22,4/8/22,6
Bodega Bay,2022,G1,3,112,311,NA,BB_099,BB_161,8,0,0,0,NA,0,0,NA,21.375,295.352,NA,4/2/22,4/2/22,0
Bodega Bay,2022,G1,3,112,313,NA,BB_015,BB_218,8,0,0,0,NA,0,0,13.99,NA,NA,13.428,3/26/22,4/2/22,7
Bodega Bay,2022,G1,3,113,314,NA,BB_182,BB_201,6,0,0,0,NA,0,0,NA,13.056,105.845,26.444,3/26/22,4/2/22,7
Bodega Bay,2022,G1,3,113,315,NA,BB_144,BB_030,4,0,0,0,NA,0,0,NA,NA,NA,148.669,3/26/22,4/8/22,13
Bodega Bay,2022,G1,3,113,316,NA,BB_051,BB_118,6,0,0,0,NA,0,0,NA,16.48,193.401,NA,4/2/22,4/2/22,0
Bodega Bay,2022,G1,3,114,317,NA,BB_099,BB_032,7,0,0,0,NA,0,0,NA,17.148,NA,NA,3/26/22,4/2/22,7
Bodega Bay,2022,G1,3,114,318,NA,BB_198,BB_035,4,0,0,0,NA,0,0,7.31,NA,NA,NA,3/11/22,4/2/22,22
Bodega Bay,2022,G1,3,115,320,NA,BB_194,BB_214,7,0,0,0,NA,0,0,13.53,21.504,251.189,NA,3/18/22,4/2/22,15
Bodega Bay,2022,G1,3,115,321,NA,BB_115,BB_077,7,2,2,4,3.1975,2,4,6.69,25.13,320.278,NA,3/18/22,3/18/22,0
Bodega Bay,2022,G1,3,116,323,NA,BB_023,BB_078,7,1,1,0,NA,0,0,12.65,25.582,354.3,NA,4/8/22,4/8/22,0
Bodega Bay,2022,G1,3,116,324,NA,BB_038,BB_149,5,0,0,0,NA,0,0,3.47,NA,NA,NA,NA,NA,NA
Bodega Bay,2022,G1,3,116,325,NA,BB_073,BB_064,8,0,0,0,NA,0,0,NA,NA,NA,NA,NA,NA,NA
Bodega Bay,2022,G1,3,117,326,NA,BB_023,BB_190,3,2,3,2,6.935,1,3,NA,NA,NA,39.612,3/18/22,4/2/22,15
Bodega Bay,2022,G1,3,117,327,NA,BB_073,BB_092,8,3,4,3,5.036666667,1,4,NA,23.825,376.465,NA,3/18/22,4/2/22,15
Bodega Bay,2022,G1,3,117,328,NA,BB_091,BB_098,1,0,1,0,NA,0,0,6.75,22.5,306.79,NA,3/18/22,4/8/22,21
Bodega Bay,2022,G1,3,118,329,NA,BB_174,BB_002,4,0,0,0,NA,0,0,5.6,NA,NA,NA,3/11/22,3/26/22,15
Bodega Bay,2022,G1,3,118,330,NA,BB_005,BB_034,8,0,0,0,NA,0,0,NA,NA,NA,NA,NA,NA,NA
Bodega Bay,2022,G1,3,118,331,NA,BB_144,BB_207,5,0,0,0,NA,0,0,5.03,26.027,452.581,NA,3/26/22,4/8/22,13
Bodega Bay,2022,G1,3,119,332,NA,BB_051,BB_143,1,0,0,0,NA,0,0,NA,NA,NA,NA,4/29/22,4/29/22,0
Bodega Bay,2022,G1,3,119,333,NA,BB_142,BB_086,5,0,0,0,NA,0,0,6.78,12.031,84.914,NA,4/2/22,4/2/22,0
Bodega Bay,2022,G1,3,119,334,NA,BB_108,BB_189,4,0,0,0,NA,0,0,1.93,17.269,195.288,NA,3/26/22,3/26/22,0
Bodega Bay,2022,G1,3,121,335,NA,BB_177,BB_134,8,1,1,7,1.808571429,7,7,12.02,NA,NA,NA,3/4/22,3/18/22,14
Bodega Bay,2022,G1,3,121,336,NA,BB_028,BB_109,7,2,2,1,2.6,0.5,1,15.83,26.257,404.297,NA,3/18/22,3/18/22,0
Bodega Bay,2022,G1,3,121,337,NA,BB_107,BB_123,2,1,2,8,4.07375,8,16,20.41,NA,NA,59.891,3/4/22,4/23/22,50
Bodega Bay,2022,G1,3,121,338,NA,BB_196,BB_088,1,3,5,7,2.81,2.333333333,11.66666667,9,20.79,276.626,NA,3/18/22,4/2/22,15
Bodega Bay,2022,G1,3,122,339,NA,BB_014,BB_152,2,0,0,0,NA,0,0,14.32,11.445,96.36,NA,3/12/22,4/2/22,21
Bodega Bay,2022,G1,3,122,340,NA,BB_130,BB_120,1,1,1,1,1.9,1,1,4.18,NA,NA,NA,NA,NA,NA
Bodega Bay,2022,G1,3,122,341,NA,BB_182,BB_021,5,0,1,0,NA,0,0,8.65,NA,NA,NA,3/12/22,3/12/22,0
Bodega Bay,2022,G1,3,123,342,NA,BB_202,BB_018,5,1,1,4,4.7625,4,4,10.12,22.56,335.791,NA,3/12/22,4/8/22,27
Bodega Bay,2022,G1,3,123,343,NA,BB_174,BB_010,3,0,0,0,NA,0,0,10.82,19.95,211.596,NA,3/26/22,4/8/22,13
Bodega Bay,2022,G1,3,123,344,NA,BB_141,BB_003,6,0,0,0,NA,0,0,NA,NA,NA,NA,3/18/22,3/18/22,0
Bodega Bay,2022,G1,3,124,345,NA,BB_047,BB_193,8,0,2,0,NA,0,0,38.93,30.174,501.354,NA,3/12/22,4/2/22,21
Bodega Bay,2022,G1,3,124,346,NA,BB_038,BB_042,4,0,0,0,NA,0,0,12.78,21.313,265.842,35.002,3/4/22,3/18/22,14
Bodega Bay,2022,G1,3,124,347,NA,BB_005,BB_195,4,0,0,0,NA,0,0,NA,18.387,212.531,NA,3/12/22,3/18/22,6
Bodega Bay,2022,G1,3,124,348,NA,BB_001,BB_074,6,0,0,0,NA,0,0,NA,NA,NA,NA,3/12/22,3/12/22,0
Bodega Bay,2022,G1,3,125,349,NA,BB_176,BB_049,2,1,1,3,1.3,3,3,14.65,26.276,466.477,26.457,3/18/22,4/2/22,15
Bodega Bay,2022,G1,3,125,350,NA,BB_047,BB_131,7,0,0,0,NA,0,0,NA,15.356,147.85,NA,4/2/22,4/2/22,0
Bodega Bay,2022,G1,3,125,351,NA,BB_173,BB_044,2,0,0,0,NA,0,0,NA,NA,NA,NA,3/26/22,3/26/22,0
Bodega Bay,2022,G1,3,126,352,NA,BB_177,BB_117,1,0,0,0,NA,0,0,NA,NA,NA,NA,4/2/22,4/2/22,0
Bodega Bay,2022,G1,3,126,354,NA,BB_175,BB_172,3,1,1,4,2.925,4,4,NA,23.88,377.644,98.974,3/12/22,4/2/22,21
Bodega Bay,2022,G1,3,126,355,NA,BB_065,BB_013,6,1,1,0,NA,0,0,NA,27.247,408.087,69.516,3/18/22,3/26/22,8
Bodega Bay,2022,G1,3,127,356,NA,BB_023,BB_206,5,0,0,0,NA,0,0,NA,25.595,367.521,NA,3/12/22,4/2/22,21
Bodega Bay,2022,G1,3,127,357,NA,BB_162,BB_080,8,2,4,0,NA,0,0,13.14,22.105,306.595,NA,3/18/22,4/2/22,15
Bodega Bay,2022,G1,3,127,358,NA,BB_197,BB_060,8,1,1,2,2.285,2,2,NA,25.731,368.566,NA,4/2/22,4/2/22,0
Bodega Bay,2022,G1,3,128,359,NA,BB_026,BB_153,1,1,1,7,2.164285714,7,7,NA,20.788,279.983,NA,3/12/22,4/2/22,21
Bodega Bay,2022,G1,3,128,360,NA,BB_217,BB_016,7,0,0,0,NA,0,0,NA,NA,NA,NA,3/26/22,3/26/22,0
Bodega Bay,2022,G1,3,128,361,NA,BB_055,BB_183,2,0,0,0,NA,0,0,NA,NA,NA,NA,3/26/22,4/2/22,7
Bodega Bay,2022,G1,3,129,362,NA,BB_168,BB_058,1,1,1,1,5.64,1,1,10.53,22.009,275.569,NA,4/8/22,4/8/22,0
Bodega Bay,2022,G1,3,129,363,NA,BB_196,BB_089,8,4,4,24,3.965111111,6,24,37.75,21.466,309.113,33.45,3/4/22,4/8/22,35
Bodega Bay,2022,G1,3,129,364,NA,BB_125,BB_137,2,0,0,0,NA,0,0,NA,19.798,240.787,NA,3/18/22,3/18/22,0
Bodega Bay,2022,G1,3,131,365,NA,BB_197,BB_199,5,0,0,0,NA,0,0,19.53,NA,NA,21.05,3/4/22,4/8/22,35
Bodega Bay,2022,G1,3,131,366,NA,BB_066,BB_019,4,0,0,0,NA,0,0,NA,NA,NA,20.126,NA,NA,NA
Bodega Bay,2022,G1,3,131,367,NA,BB_173,BB_170,7,0,0,0,NA,0,0,NA,NA,NA,NA,3/12/22,3/26/22,14
Bodega Bay,2022,G1,3,131,368,NA,BB_073,BB_084,7,0,0,0,NA,0,0,10.88,28.442,484.412,42.522,4/8/22,4/29/22,21
Bodega Bay,2022,G1,3,132,369,NA,BB_075,BB_079,6,0,0,0,NA,0,0,7.3,18.979,247.399,NA,3/12/22,3/12/22,0
Bodega Bay,2022,G1,3,132,371,NA,BB_015,BB_063,2,0,0,0,NA,0,0,NA,21.562,293.634,NA,3/12/22,3/26/22,14
Bodega Bay,2022,G1,3,133,372,NA,BB_100,BB_135,8,1,1,6,2.088333333,6,6,NA,24.085,349.121,NA,3/18/22,3/18/22,0
Bodega Bay,2022,G1,3,133,373,NA,BB_026,BB_053,4,0,0,0,NA,0,0,NA,NA,NA,NA,3/12/22,4/29/22,48
Bodega Bay,2022,G1,3,133,374,NA,BB_065,BB_133,3,1,2,10,2.056,10,20,7.71,22.37,315.779,21.736,4/2/22,4/2/22,0
Bodega Bay,2022,G1,3,134,375,NA,BB_057,BB_146,1,0,0,0,NA,0,0,16.31,15.527,162.368,NA,3/18/22,3/18/22,0
Bodega Bay,2022,G1,3,134,376,NA,BB_213,BB_132,8,0,0,0,NA,0,0,11.83,14.021,125,NA,3/18/22,5/12/22,55
Bodega Bay,2022,G1,3,134,377,NA,BB_075,BB_085,4,0,0,0,NA,0,0,NA,18.987,233.352,26.151,3/4/22,3/18/22,14
Bodega Bay,2022,G1,3,135,379,NA,BB_198,BB_045,6,1,1,0,NA,0,0,NA,20.595,275.66,NA,4/2/22,4/8/22,6
Bodega Bay,2022,G1,3,135,380,NA,BB_066,BB_052,3,0,0,0,NA,0,0,NA,21.438,301.612,NA,3/18/22,3/18/22,0
Bodega Bay,2022,G1,3,136,381,NA,BB_215,BB_210,7,1,1,4,3.1625,4,4,NA,21.783,230.428,NA,3/12/22,3/26/22,14
Bodega Bay,2022,G1,3,136,382,NA,BB_130,BB_048,2,1,1,0,NA,0,0,3.66,NA,NA,NA,NA,NA,NA
Bodega Bay,2022,G1,3,136,383,NA,BB_099,BB_061,8,0,0,0,NA,0,0,NA,17.747,181.33,NA,3/26/22,4/2/22,7
Bodega Bay,2022,G1,3,137,384,NA,BB_100,BB_031,1,1,1,0,NA,0,0,27.45,28.941,492.318,NA,4/2/22,5/19/22,47
Bodega Bay,2022,G1,3,137,385,NA,BB_177,BB_140,7,0,0,0,NA,0,0,NA,NA,NA,NA,NA,NA,NA
Bodega Bay,2022,G1,3,137,386,NA,BB_142,BB_150,7,1,1,0,NA,0,0,7.51,16.678,191.707,NA,3/26/22,3/26/22,0
Bodega Bay,2022,G1,3,138,388,NA,BB_169,BB_076,5,2,2,3,3.966666667,1.5,3,NA,21.296,275.832,NA,3/12/22,4/9/22,28
Bodega Bay,2022,G1,3,138,389,NA,BB_169,BB_160,4,0,0,0,NA,0,0,NA,NA,NA,NA,3/12/22,3/12/22,0
Bodega Bay,2022,G1,3,139,390,NA,BB_168,BB_046,2,2,2,4,3.115,2,4,17.6,NA,NA,NA,3/18/22,3/26/22,8
Bodega Bay,2022,G1,3,139,391,NA,BB_057,BB_200,7,2,2,6,3.31875,3,6,NA,23.946,372.311,71.858,3/26/22,4/2/22,7
Bodega Bay,2022,G1,3,141,393,NA,BB_075,BB_164,1,1,2,0,NA,0,0,11.89,21.811,289.415,101.256,3/26/22,3/26/22,0
Bodega Bay,2022,G1,3,141,394,NA,BB_141,BB_037,8,2,2,0,NA,0,0,19.97,20.363,239.596,17.286,4/2/22,4/2/22,0
Bodega Bay,2022,G1,3,141,395,NA,BB_065,BB_192,1,2,2,2,2.875,1,2,NA,25.375,387.011,22.163,3/18/22,4/2/22,15
Bodega Bay,2022,G1,3,141,396,NA,BB_194,BB_163,5,2,3,1,7.14,0.5,1.5,28.81,NA,NA,50.754,3/12/22,4/29/22,48
Bodega Bay,2022,G1,3,142,397,NA,BB_175,BB_104,1,5,5,14,2.927857143,2.8,14,75.78,30.482,531.265,NA,3/18/22,4/9/22,22
Bodega Bay,2022,G1,3,142,398,NA,BB_162,BB_154,5,1,3,2,6.79,2,6,NA,NA,NA,NA,3/12/22,4/9/22,28
Bodega Bay,2022,G1,3,142,399,NA,BB_217,BB_054,4,7,8,10,6.534166667,1.428571429,11.42857143,40.87,28.973,550.498,37.642,3/12/22,4/29/22,48
Bodega Bay,2022,G1,3,143,400,NA,BB_167,BB_110,6,0,0,0,NA,0,0,13.25,14.406,129.626,NA,2/25/22,4/9/22,43
Bodega Bay,2022,G1,3,143,401,NA,BB_091,BB_094,4,0,0,0,NA,0,0,NA,NA,NA,66.682,3/26/22,3/26/22,0
Bodega Bay,2022,G1,3,143,402,NA,BB_176,BB_017,2,0,0,0,NA,0,0,NA,NA,NA,NA,4/9/22,4/29/22,20
Bodega Bay,2022,G1,3,144,403,NA,BB_168,BB_081,2,0,0,0,NA,0,0,NA,21.535,302.517,NA,3/18/22,3/26/22,8
Bodega Bay,2022,G1,3,144,404,NA,BB_051,BB_105,8,2,2,7,3.544166667,3.5,7,18.26,NA,NA,NA,3/4/22,4/9/22,36
Bodega Bay,2022,G1,3,144,405,NA,BB_055,BB_119,3,0,0,0,NA,0,0,NA,24.074,382.861,NA,3/26/22,4/29/22,34
Bodega Bay,2022,G1,3,144,406,NA,BB_026,BB_070,7,2,3,6,3.376666667,3,9,NA,28.759,431.947,38.292,3/12/22,4/23/22,42
Bodega Bay,2022,G1,3,145,409,NA,BB_038,BB_216,6,0,0,0,NA,0,0,NA,19.433,258.459,NA,3/12/22,4/9/22,28
Bodega Bay,2022,G1,3,145,410,NA,BB_028,BB_083,4,0,2,0,NA,0,0,5.7,NA,NA,NA,3/18/22,4/2/22,15
Bodega Bay,2022,G1,3,146,411,NA,BB_171,BB_039,6,1,1,6,5.67,6,6,NA,31.831,646.894,NA,3/18/22,4/9/22,22
Bodega Bay,2022,G1,3,146,412,NA,BB_011,BB_116,4,0,0,0,NA,0,0,NA,23.962,347.471,NA,3/4/22,4/29/22,56
Bodega Bay,2022,G1,3,146,413,NA,BB_014,BB_102,7,0,0,0,NA,0,0,NA,NA,NA,NA,3/12/22,3/18/22,6
Bodega Bay,2022,G1,3,146,414,NA,BB_144,BB_158,8,0,0,0,NA,0,0,NA,24.948,383.754,NA,4/9/22,4/9/22,0
Bodega Bay,2022,G1,3,147,415,NA,BB_115,BB_187,7,0,0,0,NA,0,0,NA,17.768,180.565,NA,3/18/22,4/23/22,36
Bodega Bay,2022,G1,3,147,416,NA,BB_202,BB_025,4,0,0,0,NA,0,0,NA,NA,NA,NA,4/29/22,5/12/22,13
Bodega Bay,2022,G1,3,147,417,NA,BB_015,BB_111,5,2,2,7,10.285,3.5,7,NA,17.772,205.354,NA,3/12/22,4/23/22,42
Bodega Bay,2022,G1,3,148,420,NA,BB_141,BB_029,8,1,2,2,3.56,2,4,30.37,25.96,373.237,37.362,3/18/22,4/9/22,22
Bodega Bay,2022,G1,3,149,421,NA,BB_091,BB_139,7,0,0,0,NA,0,0,18.7,26.875,409.78,26.624,3/18/22,5/12/22,55
Bodega Bay,2022,G1,3,149,423,NA,BB_198,BB_138,5,5,5,16,2.96,3.2,16,27.15,25.675,414.792,68.559,3/26/22,4/9/22,14
Bodega Bay,2022,G1,3,149,424,NA,BB_011,BB_056,8,2,2,5,3.148,2.5,5,12.01,25.154,403.09,NA,3/18/22,4/9/22,22
Bodega Bay,2022,G1,3,151,425,NA,BB_125,BB_051,3,1,1,0,NA,0,0,16.28,21.922,288.103,NA,3/26/22,4/2/22,7
Bodega Bay,2022,G1,3,151,426,NA,BB_167,BB_008,7,1,1,0,NA,0,0,16.14,26.273,451.27,35.543,3/12/22,4/2/22,21
Bodega Bay,2022,G1,3,151,428,NA,BB_197,BB_211,2,0,0,0,NA,0,0,NA,19.954,207.402,119.082,5/12/22,5/19/22,7
Bodega Bay,2022,G1,3,152,429,NA,BB_167,BB_114,8,0,0,0,NA,0,0,NA,NA,NA,56.137,NA,NA,NA
Bodega Bay,2022,G1,3,152,430,NA,BB_130,BB_007,1,0,0,0,NA,0,0,NA,NA,NA,17.413,4/29/22,5/12/22,13
Bodega Bay,2022,G1,3,152,431,NA,BB_001,BB_043,5,0,1,0,NA,0,0,23.88,NA,NA,50.551,3/4/22,4/29/22,56
Bodega Bay,2022,G1,3,153,432,NA,BB_215,BB_148,8,1,1,0,NA,0,0,NA,NA,NA,71.557,3/18/22,3/26/22,8
Bodega Bay,2022,G1,3,153,433,NA,BB_055,BB_145,1,3,5,9,4.774444444,3,15,30.42,26.895,490.887,NA,3/26/22,4/9/22,14
Bodega Bay,2022,G1,3,153,434,NA,BB_107,BB_179,7,1,1,0,NA,0,0,9.02,21.609,291.368,81.366,3/18/22,4/2/22,15
Bodega Bay,2022,G1,3,154,435,NA,BB_005,BB_166,8,2,2,8,2.74875,4,8,NA,18.866,193.99,32.173,3/12/22,4/9/22,28
Bodega Bay,2022,G1,3,154,436,NA,BB_217,BB_205_A,5,0,0,0,NA,0,0,NA,27.481,478.337,NA,3/18/22,4/9/22,22
Bodega Bay,2022,G1,3,154,437,NA,BB_173,BB_095,2,0,0,0,NA,0,0,NA,NA,NA,35.499,4/23/22,4/23/22,0
Bodega Bay,2022,G1,3,155,438,NA,BB_176,BB_059,6,0,0,0,NA,0,0,11.54,NA,NA,24.097,4/2/22,4/9/22,7
Bodega Bay,2022,G1,3,155,439,NA,BB_171,BB_157,7,2,2,11,3.778,5.5,11,25.3,27.194,429.907,NA,3/18/22,4/2/22,15
Bodega Bay,2022,G1,3,155,440,NA,BB_213,BB_147,2,0,1,0,NA,0,0,13.76,21.084,278.613,15.743,3/18/22,4/2/22,15
Bodega Bay,2022,G1,3,156,441,NA,BB_188,BB_009,7,4,7,13,1.901904762,3.25,22.75,50.13,30.465,596.81,34.655,3/12/22,4/9/22,28